No.,Question,Domain_최종,목차,매핑상태
1,앱으로 보험금 청구할 때 최대 금액이 얼마인가요?,보험금 보장,보험금청구,MATCHED
2,보험금 청구할 때 수익자도 같이 바꿀 수 있나요?,보험금 보장,보험금청구,MATCHED
3,사고 보험금도 세금을 떼나요?,보험금 보장,보험금청구,MATCHED
4,실손 통원의료비 청구 시 필요한 병원 서류가 무엇인가요?,보험금 보장,보험금청구,MATCHED
5,보험금서류에 개인정보 동의서 미비됐다는데 어떻게 보완해요?,보험금 보장,보험금청구,MATCHED
6,"약관 수술종류에 나오는 흡인, 천자는 무슨 의미야?",보험금 보장,보험금청구,MATCHED
7,치아파절이 재해골절로 보장되나요?,보험금 보장,보험금청구,MATCHED
8,보험금청구권은 몇 년까지 유효한가요?,보험금 보장,보험금청구,MATCHED
9,해외에서 사고 발생시 보험보장이 되나요?,보험금 보장,보험금청구,MATCHED
10,충천치료 후 치아보험 청구 시 필요한 병원서류는 무엇인가요?,보험금 보장,보험금청구,MATCHED
11,상속을 포기한 경우 보험금청구도 할 수 없나요?,보험금 보장,보험금청구,MATCHED
12,표적항암약물허가치료 보험금 청구시 필요한 병원서류가 뭔가요?,보험금 보장,보험금청구,MATCHED
13,"사망 시 수익자가 법정상속인인 경우, 태아도 법정상속 권한을 갖나요?",보험금 보장,보험금청구,MATCHED
14,질병으로 입원비 청구시 구비서류가 어떻게 될까요?,보험금 보장,보험금청구,MATCHED
15,뇌출혈 진단비 청구시 구비서류는 어떻게 될까요?,보험금 보장,보험금청구,MATCHED
16,치매진단비 청구시 구비서류가 어떻게 될까요?,보험금 보장,보험금청구,MATCHED
17,하비갑개축소술은 수술비 보장이 되나요?,보험금 보장,보험금청구,MATCHED
18,인공임신중정술은 보장이 가능한가요?,보험금 보장,보험금청구,MATCHED
19,석회화건염 체외충격파쇄석술을 받았는데 보장이 되나요?,보험금 보장,보험금청구,MATCHED
20,요실금 보톡스 주입술은 수술비 보장이 되나요?,보험금 보장,보험금청구,MATCHED
21,손가락에 관혈적 내고정술을 한 경우 수술 몇 종에 해당 되나요?,보험금 보장,보험금청구,MATCHED
22,치루 절제술은 몇 종 수술에 해당 하나요?,보험금 보장,보험금청구,MATCHED
23,인공수정체 교환술은 몇 종 수술로 보장이 되나요?,보험금 보장,보험금청구,MATCHED
24,레이저 후발백내장 수술을 받았는데 몇 종 수술로 보장이 되나요?,보험금 보장,보험금청구,MATCHED
25,레이저 홍채 절개술을 받은 경우 수술비 보장이 되나요?,보험금 보장,보험금청구,MATCHED
26,"치과에서 치조골 증대술을 받은 경우, 수술비 보장이 되나요?",보험금 보장,보험금청구,MATCHED
27,야그레이저후낭절개술의 경우 수술비 몇종에 해당 되나요?,보험금 보장,보험금청구,MATCHED
28,치핵근본수술을 한 경우 몇 종 수술로 보장이 되나요?,보험금 보장,보험금청구,MATCHED
29,족지간 오른손 신경종에 대하여 제거술 보장되나요?,보험금 보장,보험금청구,MATCHED
30,2002년 10월 30일에 가입한 AIG다보장의료보험에서 발정술 보장 가능한가?,보험금 보장,보험금청구,MATCHED
31,지아파절도 재해골절진단자금으로 보장되나요?,보험금 보장,보험금청구,MATCHED
32,완전정복암보험에서 여성특정암 종류가 뭐야,보험금 보장,보험금청구,MATCHED
33,완전정복암보험에서 3대암 종류가 뭐야,보험금 보장,보험금청구,MATCHED
34,2006년 10월 1일 가입한 다보장의료보험에서 남성생활질환에 관절염이 들어가나?,보험금 보장,보험금청구,MATCHED
35,혈액암에 대하여 항암 치료 목적으로 중심정맥관삽입술 시행시 보장되나요?,보험금 보장,보험금청구,MATCHED
36,"암 방사선 치료 시, 암 수술비를 지급하는 조건은 무엇인가요?",보험금 보장,보험금청구,MATCHED
37,갑상선 결절 고주파 절체술의 경우 보장이 되나요?,보험금 보장,보험금청구,MATCHED
38,안검하수증으로 안검교정술을 한 경우 보장될까?,보험금 보장,보험금청구,MATCHED
39,완전정복암보험의 3대특정암에서 보장하는 암종류가 무엇인가요?,보험금 보장,보험금청구,MATCHED
40,랑게르한스조직구증도 암으로 보장이 되나요?,보험금 보장,보험금청구,MATCHED
41,암 감마나이프 치료를 받은 경우 암 수술비 보장이 되나요?,보험금 보장,보험금청구,MATCHED
42,퍼펙트의료보험 주피보험자가 사망할 경우 종피보험자만으로 유지가 되나요?,계약정보,(면대면채널)보험 종목 변경,MATCHED
43,슬관절 왼쪽 오른쪽 동시에 수술한 경우 보장이 한번만 되나요?,보험금 보장,보험금청구,MATCHED
44,법정 전염병이 뭔가요?,보험금 보장,보험금청구,MATCHED
45,제1군 전염병이 뭔가요?,보험금 보장,보험금청구,MATCHED
46,A형 간염은 질병인가요?,보험금 보장,보험금청구,MATCHED
47,서울 종로구에 있는 키오스크청구가능병원을 알려주세요,보험금 보장,보험금청구,MATCHED
48,관상동맥우회술이 뭔가요,보험금 보장,보험금청구,MATCHED
49,경계성종양이란,보험금 보장,보험금청구,MATCHED
50,뇌졸증이 뭐지?,보험금 보장,보험금청구,MATCHED
51,뇌출혈과 뇌경색이 뭔지 알려줘,보험금 보장,보험금청구,MATCHED
52,림프성 백혈병은 고액암인가요?,보험금 보장,보험금청구,MATCHED
53,분류기호 C15에 해당하는 질병은 무엇인가요?,보험금 보장,보험금청구,MATCHED
54,"암 진단 당시에는 한국표준질병 분류에 해당하였는데, 이후 분류가 개정되어 해당하지 않게 되었습니다. 이 경우 보험금 지급 여부에 변동이 있나요?",보험금 보장,보험금청구,MATCHED
55,본태성(출혈성) 혈소판혈증(분류번호 D47.3)은 어떤 질병으로 분류되나요?,보험금 보장,보험금청구,MATCHED
56,분류기호 D37에 해당하는 질병은 무엇인가요?,보험금 보장,보험금청구,MATCHED
57,C50 코드는 무슨 질병이야,보험금 보장,보험금청구,MATCHED
58,C91 코드는 무슨 질병?,보험금 보장,보험금청구,MATCHED
59,D06 번호는 무슨 질병분류번호야?,보험금 보장,보험금청구,MATCHED
60,"상해수익자가 미성년자 1인으로 지정되어 있을 때, 미성년자 수익자 통장으로 수령하는 보험금 청구 서류는? (양친 생존의 경우)",보험금 보장,보험금청구,MATCHED
61,"상해수익자가 미성년자 1인으로 지정되어 있을 때, 미성년자 수익자통장으로 보험금을 수령하려고 해. 그런데 이혼으로 친권자가 1인만 있을 경우 추가로 필요한 서류가 있나요?",보험금 보장,보험금청구,MATCHED
62,상해수익자가 성년후견인일때 보험금청구서류 알려줘,보험금 보장,보험금청구,MATCHED
63,"사망수익자가 미성년자 1인으로 지정되어 있을때, 미성년자 부모2인이 모두 사망해서 후견인 지정이 되어 있다면 어떤 서류를 준비해야 하나?",보험금 보장,보험금청구,MATCHED
64,"상해수익자가 미성년자 1인으로 지정되어 있고, 친권자 통장으로 수령하고자 할 때, 어떤 서류가 필요할까",보험금 보장,보험금청구,MATCHED
65,"전화로 보험계약대출 신청 시, 최대 한도는?",대출,보험계약대출 신청,MATCHED
66,AIA+에서 보험계약대출 시 당일 상환 가능한가요?,대출,보험계약대출 신청,MATCHED
67,ARS로 만기보험금 신청 가능한가요?,제지급,실손보험료 환급신청,MATCHED
68,만기보험금의 청구권자는?,제지급,실손보험료 환급신청,MATCHED
69,청구권자가 미국 단순거주자인데 전화로 보험계약대출 가능한가요?,제지급,실손보험료 환급신청,MATCHED
70,중도보험금 청구시 얼마부터 휴대폰 본인인증이 필요한가요?,제지급,실손보험료 환급신청,MATCHED
71,4천만원 대출받으려고 하는데 휴대폰 본인인증만 받으면 되나요?,대출,보험계약대출 신청,MATCHED
72,AIA+에서 보험 해지 가능한가요?,계약해지,해지접수,MATCHED
73,AIA+에서 제지급 최대 신청 가능 한도는?,제지급,실손보험료 환급신청,MATCHED
74,"전화 제지급 신청 시, 청구권자가 외국인인데 여권 없이 국내 거주중인 경우에는?",제지급,실손보험료 환급신청,MATCHED
75,AIA 평생 안심+달러 유니버셜 종신보험 원화로 제지급 가능한가요?,제지급,실손보험료 환급신청,MATCHED
76,교도소 수감 중인 피보험자는 생존확인 서류를 어떻게 제출하나요?,제지급,실손보험료 환급신청,MATCHED
77,수익자에게 압류 설정된 계약을 계약자가 제지급 신청 가능한가요?,제지급,실손보험료 환급신청,MATCHED
78,계약자가 지급중지 설정한 계약의 중도보험금을 수익자가 신청 가능한가요?,제지급,실손보험료 환급신청,MATCHED
79,EWS가 뭔가요?,제지급,실손보험료 환급신청,MATCHED
80,EWS 대상 본인인증 신분증 인증 가능한가요?,제지급,실손보험료 환급신청,MATCHED
81,청구권자가 미성년자인 경우 제지급 신청권자는?,제지급,실손보험료 환급신청,MATCHED
82,청구권자가 외국인인 경우 제지급 대출 신청 우편접수 서류는?,대출,보험계약대출 신청,MATCHED
83,"청구권자가 성년 후견인인 경우(의식불명, 치매 등) 우편 신청시, 신청권자와 필요 서류는?",제지급,실손보험료 환급신청,MATCHED
84,대출 전화 접수 시 한도금액은?,대출,보험계약대출 신청,MATCHED
85,AIA+에서 대출접수 한도는,대출,보험계약대출 신청,MATCHED
86,전화제지급 신청할 때 본인명의휴대폰인증을 필수로 해야하는 금액은,제지급,실손보험료 환급신청,MATCHED
87,외화 제지급 신청할 때 본인명의휴대폰인증과 신분증인증 둘 다 해야 하는 금액은 얼마야?,제지급,실손보험료 환급신청,MATCHED
88,청구자가 군인일때 대출을 우편으로 신청 시 필요한 구비서류,대출,보험계약대출 신청,MATCHED
89,계약자가 미성년자인데 편부모인 경우 제지급 지급계좌 친권자 계좌로 받을 때 방법,제지급,실손보험료 환급신청,MATCHED
90,정액상환도 부분출금이 되나요?,제지급,실손보험료 환급신청,MATCHED
91,"보험계약대출 전화 신청시, 본인인증 방법은?",대출,보험계약대출 신청,MATCHED
92,"APL 등록 중, 약관대출 가능금액 부족으로 실효가 되었습니다. 부활 후에도 APL유지되나요?",대출,APL(자동대출납입)신청,MATCHED
93,"보험계약대출 개인정보 제3자 제공 은 누구에게, 왜 하나요?",대출,보험계약대출 신청,MATCHED
94,"보험계약대출 시, 세금이 있나요?",대출,보험계약대출 신청,MATCHED
95,기 약관대출금이 있는 경우에는 APL 발생시 1회분 보험료와 이자를 합산하여 자동 대출이 발생 되는 건가요?,대출,APL(자동대출납입)신청,MATCHED
96,APL 최초 자동 대출 월로부터 1년 이후 재 신청은 무엇 인가요?,대출,APL(자동대출납입)신청,MATCHED
97,APL 이 신청되면 보험료 자동이체도 계속 청구되나요?,대출,APL(자동대출납입)신청,MATCHED
98,APL 대출은 대출 이자를 어떻게 납입을 하나요?,대출,APL(자동대출납입)신청,MATCHED
99,전화로 대출 신청 시 후대폰인증과 신분증인증 모두 다해야하는 금액은 얼마부터야?,대출,보험계약대출 신청,MATCHED
100,납입면제 계약은 대출이 가능한가,대출,보험계약대출 신청,MATCHED
101,AIA+대출신청 한도가 얼마야?,대출,보험계약대출 신청,MATCHED
102,친형의 계좌로 대출신청금을 받을 수 있나요?,대출,보험계약대출 신청,MATCHED
103,법인계약 건 대출 신청시 구비서류 알려주세요. 직원이 신청할 경우입니다,대출,보험계약대출 신청,MATCHED
104,경영인안심정기보험의 대출가능한도는?,대출,보험계약대출 신청,MATCHED
105,2020년 11월 9일 변액보험 대출 신청 시 지급시간?,대출,보험계약대출 신청,MATCHED
106,변액보험 대출 신청은 취소가 가능할까,대출,보험계약대출 신청,MATCHED
107,방카채널 외화보험 대출을 전화로 신청할 수 있나요,대출,보험계약대출 신청,MATCHED
108,외화상품 대출 시 어떤 용도일때 가능한지 알려줘,대출,보험계약대출 신청,MATCHED
109,미국달러보험 전화대출 접수 시 당일지급되려면 몇시까지 접수 되어야 하나?,대출,보험계약대출 신청,MATCHED
110,2005년 10월 계약인데 실효가 되었어. 기대출금이 있었는데 이자가 미납되고 있어서 납부하려고 하는데 어떻게 해야 돼?,대출,보험계약대출 신청,MATCHED
111,대출 인지세는 누가 부담하나요?,대출,보험계약대출 신청,MATCHED
112,계약대출 1억원 신청하면 인지세가 얼마야?,대출,보험계약대출 신청,MATCHED
113,총 신청금액으로 인지세는 계산되니?,대출,보험계약대출 신청,MATCHED
114,대출 청약철회가 뭔가요?,대출,보험계약대출 신청,MATCHED
115,"오늘 자동이체 통장에서 이체되는 날인데, 보험을해약하면 보험료 반환은?",계약해지,해지접수,MATCHED
116,"계약자가 미성년자인데, 엄마가 전화로 해약을 요청했어. 엄마계좌로 해약환급금 지급이 가능할까? 통신계약이야",계약해지,해지접수,MATCHED
117,해약할 때 타인을위한프로세스 체크는 어떨때 하는거지?,계약해지,해지접수,MATCHED
118,법인계약 해약 신청시 구비서류는? 대표자가 신청할때,계약해지,해지접수,MATCHED
119,APL 사용계약 해약이 불가한가?,계약해지,해지접수,MATCHED
120,언제 계약건부터 통신수단해지 여부 상관없이 해약접수 가능한지 알려줘,계약해지,해지접수,MATCHED
121,스탭업변액연금은 해약 할 때 변액제지급 기준인가요?,계약해지,해지접수,MATCHED
122,변액보험도 해지접수하면 MP에게 문자 발송되나요?,계약해지,해지접수,MATCHED
123,일반상품인데 자동이체일 다음날 계약해지하면 보험료 반환되나요?,계약해지,해지접수,MATCHED
124,자동이체일 다음날 계약해지하면 보험료 반환 안되나요?,계약해지,해지접수,MATCHED
125,소멸시효완성일은 언제야?,계약해지,해지접수,MATCHED
126,휴면보험금 전화 접수할 때 수령계좌는 본인계좌만 아능할까?,제지급,중도분할금 접수,MATCHED
127,해약할때 관계확인서류 기존에 징구된 내용인 있다면 면제 되나요?,제지급,실손보험료 환급신청,MATCHED
128,당사에서 안내한 휴면보험금 금액과 서민금융진흥원을 통해 접수해서 지급받은 금액이 차이가 나는데 왜 그럴까요?,제지급,중도분할금 접수,MATCHED
129,서민금융통합 콜센터 번호 알려줘,제지급,실손보험료 환급신청,MATCHED
130,해지 접수 된 건 취소 가능하죠? 아직 고객에게 송금 전이야,계약해지,해지접수,MATCHED
131,납입면제된 계약도 해약때 보험료 납입한 것과 동일하게 해지환급금이 발생하는지 아니면 납입면제 되기 전까지 고객이 실제 납입한 보험료를 기준으로 해지환급금이 산출되는지?,계약해지,해지접수,MATCHED
132,현재 계약자가 정신치료 감호소 수감 중입니다. 계약을 해약하려면 어떻게 해야할까?,계약해지,해지접수,MATCHED
133,"계약자가 유지중에 국적이 변경되었는데, 계약해지를 하려고 하는데 바로 접수해도 될까?",계약해지,해지접수,MATCHED
134,"계피 상이한 계약인데, 피보험자가 사망했어. 사망보장은 없는 계약인데 이 계약을 정리하려면 어떻게 해?",계약해지,해지접수,MATCHED
135,사망 수익자 란에 “00은행”으로 되어 있습니다. 어떤경우 인가요? 처리가능 한가요?,제지급,실손보험료 환급신청,MATCHED
136,"청구권자인 계약자 사망으로 해지하는 경우, 1인을 제외한 다른 모든 상속인이 상속 포기한 경우 구비서류",계약해지,해지접수,MATCHED
137,파산관재인 인입하여 해지 문의 시 어떤 서류가 필요한가요?,계약해지,해지접수,MATCHED
138,피보험자가 사망했는데 계약에서 보장되는 항목은 없는 상태야. 계약은 어떻게 돼?,계약해지,해지접수,MATCHED
139,청약철회를 이메일로 접수할수 있나요?,제지급,청약철회,MATCHED
140,청약철회 취소접수 방법 알려줘. 전화로접수한 건이야,제지급,청약철회,MATCHED
141,청약철회 기간 내 계약자 변경되어 계약자의 연령이 변경 된 경우 철회가능기간도 변경되나요?,제지급,청약철회,MATCHED
142,청약철회 기간 내 계약자 변경으로 계약자의 직업이 전문보험계약자로 변경된 경우 철회가 불가한가요?,제지급,청약철회,MATCHED
143,"계약자 사망으로 상속인이 전화로 청약철회 요청 시, 구비서류는?",제지급,청약철회,MATCHED
144,2025년 통신채널 계약 청약철회 가능 기간은?,제지급,청약철회,MATCHED
145,청약철회 불가 대상은?,제지급,청약철회,MATCHED
146,"일반상품 초회보험료 계좌입금했는데, 청약철회 접수하고 언제 반환되는지?",제지급,청약철회,MATCHED
147,청약철회에 대한 지연이자도 발생하나요?,제지급,청약철회,MATCHED
148,AIA+에서 청약철회 접수 가능한지?,제지급,청약철회,MATCHED
149,AIA+에서 청약철회 신청 후 “대상 건이 없습니다”라는 팝업이 뜨는 경우?,제지급,청약철회,MATCHED
150,청약철회한 보험료 반환되면 통장에 어떻게 표기되나요,제지급,청약철회,MATCHED
151,청약철회되면 계약상태코드가 어떻게 돼?,제지급,청약철회,MATCHED
152,청약철회 빠른지급요청건으로 접수하면 언제 지급되나요,제지급,청약철회,MATCHED
153,청약철회 접수하고 당일 중에 빨리 지급받으려면 몇시까지 접수해야 돼?,제지급,청약철회,MATCHED
154,대면채널 외화상품은 철회접수하면 언제까지 지급 돼?,제지급,중도분할금 접수,MATCHED
155,초회보험료를 카드로 납부한 계약은 철회하면 카드승인 취소인가? 아니면 현금 반환인가?,제지급,실손보험료 환급신청,MATCHED
156,중도보험금을 늦게 받아서 이자가 붙었다면 지급할 때 세금을 떼나요?,제지급,실손보험료 환급신청,MATCHED
157,"전화로 중도인출 요청 시, 최대 한도는?",제지급,중도인출,MATCHED
158,AIA 달러로 받는 연금보험의 중도 인출 가능 금액과 가능 횟수는?,제지급,실손보험료 환급신청,MATCHED
159,2011년 11월 1일 계약한 변액보험이데 실효예정건이면 중도인출 할 수 없나요?,제지급,중도인출,MATCHED
160,미국 시민권자인데 중도인출 전화로 신청 가능한가요?,제지급,중도인출,MATCHED
161,"개인사업자 계약인데 중도인출을 전화로 접수할거야, 전화로 어떻게 접수 받아?",제지급,중도인출,MATCHED
162,중도인출 수수료도 있나요?,제지급,중도인출,MATCHED
163,리얼라이프플랜서비스가 뭐지?,제지급,실손보험료 환급신청,MATCHED
164,리얼라이프플랜서비스 이용하면서 추가로 중도인출 할 수 있나요?,제지급,중도인출,MATCHED
165,기대출금액이 중도보험금 금액보다 크면 중도보험금 신청을 할 수 없나?,제지급,실손보험료 환급신청,MATCHED
166,중도급부 존재 상품중 중도급부 미지급 상태에서 수익자 변경 가능한지?,제지급,실손보험료 환급신청,MATCHED
167,중도보험금 자동송금 신청 가능 조건은?,제지급,실손보험료 환급신청,MATCHED
168,"중도보험금이 발생하기 전에 만기수익자가 사망하였고, 현재 중도보험금 발생으로 청구하려고 할때 필요한 서류가 뭘까?",제지급,실손보험료 환급신청,MATCHED
169,만기보험금도 ARS에서 신청 가능한가?,제지급,실손보험료 환급신청,MATCHED
170,만기보험금 지급일자가 경과되어 미지급 만기보험금 존재 시 만기 수익자 변경 가능한지?,제지급,실손보험료 환급신청,MATCHED
171,"전화로 배당급 접수시, 최대 신청 한도는?",제지급,중도분할금 접수,MATCHED
172,배당금 지급 가능 계좌는?,제지급,실손보험료 환급신청,MATCHED
173,GOLDEN CHOICE 연금보험 자기관리자금 지급거절제도가 뭐지? 신청하는 방법이나 조건도 알려줘,제지급,실손보험료 환급신청,MATCHED
174,골든초이스연금보험의 자기관리자금지급일이 어떻게 돼?,제지급,실손보험료 환급신청,MATCHED
175,골든초이스연금 계약에 자기관리자금 지급 거절신청 기한은?,제지급,실손보험료 환급신청,MATCHED
176,골든초이스연금보험 자기관리자금 지급거절신청은 누가 해야돼?,제지급,실손보험료 환급신청,MATCHED
177,배당금은 신청을 누가 해야돼?,제지급,실손보험료 환급신청,MATCHED
178,배당금 적립이율을 홈페이지에서 볼 수 있나요,제지급,실손보험료 환급신청,MATCHED
179,비거주자 이자소득 원천징수 변경을 위한 구비서류는?,제지급,실손보험료 환급신청,MATCHED
180,송금계좌로 자동 등록되는 기준조건이 뭐야?,제지급,실손보험료 환급신청,MATCHED
181,송금계좌 자동등록 조건에서 이체실적은 보험료를 말하는 건가?,제지급,실손보험료 환급신청,MATCHED
182,"법인계약 송금계좌 전화 신청 시, 필요한 것은?",제지급,실손보험료 환급신청,MATCHED
183,법인계약 송금계좌 신청시 우편구비서류가 어떤거야?,제지급,실손보험료 환급신청,MATCHED
184,미성년자 계약 AIA+에서 송금계좌 등록 가능한지?,제지급,실손보험료 환급신청,MATCHED
185,리얼라이프플랜 자금도 자동송금 신청 가능한가?,제지급,실손보험료 환급신청,MATCHED
186,종신연금형_보증기간부 상품의 자동송금 신청 가능 시점은?,제지급,실손보험료 환급신청,MATCHED
187,상속형 연금 상품의 자동송금 신청 가능 시점은?,제지급,실손보험료 환급신청,MATCHED
188,자동송금계좌 등록 전화 신청 할때 필요한 게 있어?,제지급,실손보험료 환급신청,MATCHED
189,비거주자의 이자소득 원천징수 적용 업무는?,제지급,실손보험료 환급신청,MATCHED
190,미성년자 계약인데 우편으로 송금계좌 신청하려고 해. 어떤 서류가 필요해?,제지급,실손보험료 환급신청,MATCHED
191,외화계좌를 송금계좌로 등록하고 싶을때 어떻게해,제지급,실손보험료 환급신청,MATCHED
192,상속형연금도 자동송금등록이 가능한가?,제지급,실손보험료 환급신청,MATCHED
193,상속형연금은 자동송금을 왜 1년마다 재신청해야 돼?,제지급,실손보험료 환급신청,MATCHED
194,자동송금으로 지급된 건은 전산에 어떻게 표기돼?,제지급,실손보험료 환급신청,MATCHED
195,만기수익자도 송금계좌 등록이 가능한가요?,제지급,실손보험료 환급신청,MATCHED
196,은행에 내방해서 송금계좌 신청을 할 수 있나요?,제지급,실손보험료 환급신청,MATCHED
197,AIA+에서 송금계좌등록이 가능한가?,제지급,송금계좌등록,MATCHED
198,송금계좌는 몇 개까지 등록할 수 있나?,제지급,실손보험료 환급신청,MATCHED
199,법인계약으로 자동송금 우편신청방법 알려줘,제지급,실손보험료 환급신청,MATCHED
200,비거주자 판정기준표 징구 대상자는?,제지급,실손보험료 환급신청,MATCHED
201,비거주자 판정기준표 징구 적용 업무는 무엇?,제지급,실손보험료 환급신청,MATCHED
202,비거주자 판정 대상자 구비서류는 무엇인가,제지급,실손보험료 환급신청,MATCHED
203,재사수익자 은행에서 개인으로 변경할 때 우편접수에 필요한 서류는?,명의변경,명의변경(계약자/수익자 변경),MATCHED
204,"중도급부 발생 전에 만기수익자 사망했고, 급부 발생 이후에 만기수익자 변경할 때 필요한 서류는 무엇인지?",명의변경,명의변경(계약자/수익자 변경),MATCHED
205,공공기관제출용 수익자 명의변경사실 확인서 발행을 전화 신청 방법은?,명의변경,명의변경(계약자/수익자 변경),MATCHED
206,부부인데 호적에는 안올렸는데 계약자 또는 수익자 변경 가능한지?,명의변경,명의변경(계약자/수익자 변경),MATCHED
207,계약자가 미성년자 이고 계약자 변경을 할때 현재 엄마 아빠 연락이 안 되는데 인감증명서를 둘 다 꼭 받아야 하는지?,명의변경,명의변경(계약자/수익자 변경),MATCHED
208,"계약자변경 시 기존 계약자가 재외국민일 때, 우편접수 서류에 뭐가 추가되는지?",명의변경,명의변경(계약자/수익자 변경),MATCHED
209,"현재 계약자 : 미혼모 엄마 피보험자 : 자녀 이런 계약의 계약자, 만기수익자, 사망수익자를 피보험자의 외조부로 변경 가능한지 ?",명의변경,명의변경(계약자/수익자 변경),MATCHED
210,"계약자는 아빠이고, 피보험자가 미성년 자녀인데, 부모 이혼하여 친권자는 아빠로 되어있어. 이럴때 엄마를 수익자 또는 계약자로 변경 가능한지 ?",명의변경,명의변경(계약자/수익자 변경),MATCHED
211,제3자가 본사 방문하여 계약자 변경할 경우 서류는?,명의변경,명의변경(계약자/수익자 변경),MATCHED
212,재사수익자 상속비율을 변경하는 경우에도 수익자 변경 구비서류가 모두 필요한지?,명의변경,명의변경(계약자/수익자 변경),MATCHED
213,재사 수익자는 최대 몇 명까지 지정 가능하나요?,명의변경,명의변경(계약자/수익자 변경),MATCHED
214,계약자가 가출 (또는 실종)하여 계약자를 변경하고자 하는 경우 어떻게 하는지?,명의변경,명의변경(계약자/수익자 변경),MATCHED
215,현재 계약자가 정신장애 1급 판정을 받은 상태라서 계약자 변경을 하려고 하는데 필요한 우편 서류가 뭘까?,명의변경,명의변경(계약자/수익자 변경),MATCHED
216,"미국 영주권자인 자녀를 사망수익자로 변경 요청하는 경우로, 전산에는 호적상 주민번호로 등록되어있지만 외국인등록번호로 사망수익자 지정 요청 시 구비서류는?",명의변경,명의변경(계약자/수익자 변경),MATCHED
217,저축성보험을 법인에서 개인으로 계약자 변경 시 비과세 기간 계산은 최초 계약일 기준인가요?,명의변경,명의변경(계약자/수익자 변경),MATCHED
218,"명의변경 하려고 하는데, 계약자가 사망한경우 가족관계 증명서를 반드시 사망자 이름으로 발급받아야만 하나요?",명의변경,명의변경(계약자/수익자 변경),MATCHED
219,명의변경 서류를 받았는데 인감증명서의 이름과 전산에 이름이 두음법칙으로 다른 경우 어떻게 해야 돼?,명의변경,명의변경(계약자/수익자 변경),MATCHED
220,"제3자로 상해나 사망 수익자 변경 시, 변경 후 수익자가 현재 계약자와 동일 할 경우",명의변경,명의변경(계약자/수익자 변경),MATCHED
221,지정대리인이 신청 할 수 있는 업무는 무엇이 있나?,명의변경,명의정정,MATCHED
222,지정대리인이 만기보험금 청구 시 고객거래확인서는 누구의 기준으로 작성하나요?,명의변경,명의정정,MATCHED
223,재상수익자가 공란(미 지정) 또는 피보험자 로 기재 되어 있을 경우 바로 지정대리청구인 서비스 특약 부가 가능한가요?,명의변경,명의변경(계약자/수익자 변경),MATCHED
224,종피험자 보유 상품의 경우 지정대리청구인을 등록 한가요?,명의변경,명의정정,MATCHED
225,보험금 청구 시 지정대리인의 통장으로 수령 가능한가요?,명의변경,명의정정,MATCHED
226,지정대리인이 보험금 청구를 할때 필요한 서류는?,명의변경,명의정정,MATCHED
227,피보험자의 삼촌으로 지정대리청구인을 지정할 수 있나요?,명의변경,명의정정,MATCHED
228,지정대리청구인 신청 가능 조건은?,명의변경,명의정정,MATCHED
229,만기환급금이 없는 계약은 지정된 만기수익자가 없어도 지정대리청구인 등록이 가능할까?,명의변경,명의변경(계약자/수익자 변경),MATCHED
230,피보험자가 교통사고로 뇌수술을 했는데 뇌사판정을 받았어. 지정대리청구인이 피보험자를 대신해서 입원비 수술비 보험금청구를 할 수 있나요?,명의변경,명의정정,MATCHED
231,지정대리청구인이 보험금을 본인 계좌로 수령할 수 있나요?,명의변경,명의정정,MATCHED
232,피보험자가 치료 도중 사망한 경우 지정대리청구인인 사망보험금도 청구할 수 있을까요?,명의변경,명의정정,MATCHED
233,신계약 1개월 이내에 상해수익자를 피보험자 본인으로 변경할 때 필요한 서류가 뭐야,명의변경,명의변경(계약자/수익자 변경),MATCHED
234,개인신용정보활용동의녹취 내용을 알려줘,명의변경,명의정정,MATCHED
235,1개월이내 수익자변경은 언제까지 신청 가능한가,명의변경,명의변경(계약자/수익자 변경),MATCHED
236,1개월이내 만기수익자를 미국인으로 변경할 때도 1개월이내수익자변경 프로세스 적용될까?,명의변경,명의변경(계약자/수익자 변경),MATCHED
237,지정대리청구인 지정할 수 있는 범위로 3촌 이내 친족은 어느범위까지를 말하는거야?,명의변경,명의정정,MATCHED
238,계약자를 변경해도 지정대리인은 그대로 유지되는 것인가?,명의변경,명의변경(계약자/수익자 변경),MATCHED
239,이미 등록되어 있는 지정대리인을 변경할 수 있나요,명의변경,명의변경(계약자/수익자 변경),MATCHED
240,지정되어 있는 지정대리인을 삭제할 수 있나?,명의변경,명의정정,MATCHED
241,지정대리인 삭제를 우편으로 할때 필요한 서류가 뭐야?,명의변경,명의정정,MATCHED
242,"계약자, 피보험자 만기수익자 모두 계약자와 동일한데, 재상수익자만 공란으로 되어 있는 상태일 때 지정대리청구인 등록을 할 수 없나요?",명의변경,명의변경(계약자/수익자 변경),MATCHED
243,자동부활 보험료 납입 시 본인계좌 이외에도 가능한지?,계약정보,자동부활,MATCHED
244,"자동부활로 계약자 내방 하였으나, 피보험자 수익자의 주소정보가 등록되어 있지 않은 것으로 전산 표시되는 경우 어떻게 처리 하나요?",계약정보,자동부활,MATCHED
245,"소멸시효 경과 건 자동부활 요청 시, 대응방법은?",계약정보,자동부활,MATCHED
246,계약자에게 미납안내가 된 경우 미납안내완료로 보나요?,계약정보,"증권, 약관 재발행",MATCHED
247,"미납안내를 아웃 바운드 팀에서는 예금주나 피보험자에게도 안내하고 있는데, 이것도 미납안내 수신완료로 보나요?",계약정보,(면대면채널)보험 종목 변경,MATCHED
248,"계약자가 미성년자일 경우 부, 모 모두에게 연체안내가 되어야만 연체안내가 된 걸로 인정이 되나요?",계약정보,"증권, 약관 재발행",MATCHED
249,미납안내는 이루워지지 않았으나 실효 이후 진단을 받았어도 상관없나요?,계약정보,"증권, 약관 재발행",MATCHED
250,"전화상으로 미납안내 받은 적이 없는 건이데, 계약자가 스스로 실효가 된 걸 알고 자동부활 요청하는데 가능할까?",계약정보,자동부활,MATCHED
251,"실효 된지 1년 넘은 계약인데, 미납안내도 해지통지도 반송안내까지 모두 받지 못한 경우에도 자동부활 기한이 정해져있나요?",계약정보,자동부활,MATCHED
252,알림톡을 통해서만 미납안내 받은 경우 자동부활 안 되나요?,계약정보,자동부활,MATCHED
253,해지우편물이 AIA생명으로부터 오긴 했으나 내용확인 하지 않고 폐기 했다고 했을 경우에는 수령으로 봐야 하는지요?,계약정보,실손보험 의료급여 수급권자 확인,MATCHED
254,실제 거주지와 행정상의 주소지가 틀린 경우 해지안내장미수령시 어떻게 해야하나요?,계약정보,"증권, 약관 재발행",MATCHED
255,주민등록초본으로 이사 날짜가 확인 가능한가요?,계약정보,실손보험 의료급여 수급권자 확인,MATCHED
256,주민등록초본 사본 처리 가능한가요?,계약정보,"증권, 약관 재발행",MATCHED
257,카카오톡 전자문서로 aia생명에서 보내는게 있나요?,계약정보,"증권, 약관 재발행",MATCHED
258,실효안내문 등기배송 조회 어디서 하는지?,계약정보,"증권, 약관 재발행",MATCHED
259,자동부활이 뭐야,계약정보,자동부활,MATCHED
260,2013년 7월 5일에 가입한 우리가족변액종신 계약인데 자동부활 가능할까?,계약정보,자동부활,MATCHED
261,"자동부활 가능 기한이 경과되어 일반부활 안내 하였으나, 거부하고 자동부활 요구하는 경우 방법?",계약정보,자동부활,MATCHED
262,자동부활 보험료 입금일자에 따라 부활처리 일자 달라지는지?,계약정보,자동부활,MATCHED
263,부활 청약을 한 당일에 부활 보험료를 입금해야 하나요? 다음날 입금하면 어떻게 되나?,계약정보,(면대면채널)보험 종목 변경,MATCHED
264,일반부활도 심사 후 거절 될 수 있나요?,계약정보,일반부활,MATCHED
265,일반부활 가능 기간이 어떻게 되나요?,계약정보,일반부활,MATCHED
266,일반부활 접수 방법은?,계약정보,일반부활,MATCHED
267,일반부활 전화접수하는데 계약자가 미성년자이면 친권자 전화녹취로 가능할까?,계약정보,일반부활,MATCHED
268,필리핀에 체류중인데 부활가능한가요?,계약정보,"증권, 약관 재발행",MATCHED
269,계약자가 법인일 때 일반부활 방법,계약정보,일반부활,MATCHED
270,일반부활보험료 즉시출금 하려고 하는데 계약자 명의 계좌가 아니어도 가능한지?,계약정보,일반부활,MATCHED
271,부활보험료를 분할해서 납부할 수 있는 서비스가 있는지 알려줘,계약정보,(면대면채널)보험 종목 변경,MATCHED
272,계약자 또는 피보험자가 해외 체류 중인경우에는 일반부활 청약이 가능한가요?,계약정보,일반부활,MATCHED
273,부활 반송되면 기납입 보험료 다 돌려주는지 문의한 경우,계약정보,(면대면채널)보험 종목 변경,MATCHED
274,부활 후 증권 재발행이 되나요?,계약정보,"증권, 약관 재발행",MATCHED
275,계약자가 교도소 수감중인데 일반부활 접수 가능할까? 계약자와 피보험자가 같은 사람이야,계약정보,일반부활,MATCHED
276,"직업,운전 통지 상품은 부활 접수 전에 직업운전 변경 되었으면 직무직종 통지해야 하나요",계약정보,직종(직무)&운전차종 변경,MATCHED
277,부활접수 중인데 동일직업으로 근무지만 변경된 경우 직무직종 통지 후에 부활 접수 가능한가요?,계약정보,직종(직무)&운전차종 변경,MATCHED
278,꼭 필요한 건강보험 일반 부활 시 메디컬 언더라이팅 3개 질문 중 1개라도 예 가 있는 경우에는 부활접수 되는지요?,계약정보,(면대면채널)보험 종목 변경,MATCHED
279,신계약 청약시 대표친권으로 진행 안했는데 부활 시 대표친권으로 처리 가능한지?,계약정보,"증권, 약관 재발행",MATCHED
280,방카채널 가입건도 전화로 부활 가능한가요?,계약정보,"증권, 약관 재발행",MATCHED
281,계약자가 법인인데 전화로 일반부활 신청이 가능할까?,계약정보,일반부활,MATCHED
282,현명한엄마가 고른 AIA어린이보험 피보험자가 태아인 경우에 부활 접수 되나요?,계약정보,(면대면채널)보험 종목 변경,MATCHED
283,"청약 당시에는 내국인이었는데, 현재는 계약자 미국시민권자야. 이경우 일반부활 접수 가능할까?",계약정보,일반부활,MATCHED
284,"청약 당시에도 미국시민권자였다면, 일반부활 신청이 가능한거야?",계약정보,일반부활,MATCHED
285,일반부활보험료도 카드로 결제 가능한가요?,계약정보,일반부활,MATCHED
286,일반부활 시 보장개시일은 어떻게 적용되나요?,계약정보,일반부활,MATCHED
287,"어린이보험인데 부활 시 직업이 대학생으로 변경되어, 피보험자의 직업코드를 확인하십시오 라는 메시지가 팝업되는 경우 어떻게 해?",계약정보,(면대면채널)보험 종목 변경,MATCHED
288,지정한 자동이체 일에 이체가 안 되면 또 언제 출금이 되는지요?,보험료납입,계좌 자동이체,MATCHED
289,은행에서 자동이체 등록 시 언제 이체가 되나요?,보험료납입,계좌 자동이체,MATCHED
290,외국인이 국내 계좌 개설 가능하나요? 이 통장으로 자동이체도 가능 하나요?,보험료납입,계좌 자동이체,MATCHED
291,"기 승인 받은 계좌인데, 예금주 성명이 개명 되었습니다 .기 승인 계좌로 인식되나요?",보험료납입,계좌 자동이체,MATCHED
292,휴대폰소액결제로 추가납입 보험료도 결제되나요?,보험료납입,휴대폰 소액결제,MATCHED
293,휴대폰소액결제로 부활보험료도 결제되나요?,보험료납입,휴대폰 소액결제,MATCHED
294,당사에 보험이 여러건이면 휴대폰소액결제도 합산출금 되나요?,보험료납입,휴대폰 소액결제,MATCHED
295,휴대폰 결제 내역에 표기되는 문구는 어떻게 되나요 ?,보험료납입,휴대폰 소액결제,MATCHED
296,소액결제 시 인증번호 받고 이러한 절차는 없나요 ?,보험료납입,휴대폰 소액결제,MATCHED
297,휴대폰소액결제 납입자가 모집인인 경우 기준은 자동이체와 동일한가요?,보험료납입,휴대폰 소액결제,MATCHED
298,휴대폰소액결제 자동이체 연결에 대한 동의는 최초 1회 받으면 되나요?,보험료납입,휴대폰 소액결제,MATCHED
299,"휴대폰소액결제 자동이체의 계약자와 납입자가 상이한 경우, 통신사 순차연결 동의녹취는 납입자에게 동의를 획득하면 자동 연결 되나요?",보험료납입,휴대폰 소액결제,MATCHED
300,"소액결제 실패 시, 따로 알림이 오나요?",보험료납입,휴대폰 소액결제,MATCHED
301,"계약자가 MP가족이라는데, 이 경우 납입자를 MP로 할 수 없나요?",보험료납입,PUL 월 추가 납입,MATCHED
302,보장성보험은 대면채널이어도 카드 자동이체 다 되는거지?,보험료납입,카드 자동이체,MATCHED
303,개인사업자 카드로 자동이체 등록할 때 필요한 서류가 있어?,보험료납입,카드 자동이체,MATCHED
304,자동승계카드 종류 알려줘,보험료납입,카드 자동이체,MATCHED
305,휴대폰소액결제 승인일이 언제야?,보험료납입,휴대폰 소액결제,MATCHED
306,보험료 즉시이체 납입자 범위는?,보험료납입,PUL 월 추가 납입,MATCHED
307,(무) 안심플러스인덱스유니버셜 상품의 수시추가납입 조건은?,보험료납입,PUL 월 추가 납입,MATCHED
308,저축성 상품도 카드 RTB 가능한가요?,보험료납입,카드 자동이체,MATCHED
309,즉시이체는 아무때나 가능한가요?,보험료납입,계좌 자동이체,MATCHED
310,증권사 계좌로 RTB 가능한가요?,보험료납입,계좌 자동이체,MATCHED
311,계좌 rtb 불가한 은행?,보험료납입,계좌 자동이체,MATCHED
312,연금보험은 휴대폰소액결제로 보험료 납부 가능한가,보험료납입,휴대폰 소액결제,MATCHED
313,카드결제할때 얼마부터 할부 가능해?,보험료납입,카드 자동이체,MATCHED
314,알티비 안되는 은행이 어디야?,보험료납입,계좌 자동이체,MATCHED
315,외화계좌에서 rtb 할 수 있나요?,보험료납입,계좌 자동이체,MATCHED
316,외화계좌 자동이체 오라스화면 코드 알려줘,보험료납입,계좌 자동이체,MATCHED
317,AIA 평생 안심+달러 유니버셜 종신보험 카드결제 가능한가요?,보험료납입,카드 자동이체,MATCHED
318,즉시이체 가능한 업무는?,보험료납입,계좌 자동이체,MATCHED
319,즉시이체 가능한 최소 금액은?,보험료납입,계좌 자동이체,MATCHED
320,압류통장에서 즉시이체 가능?,보험료납입,계좌 자동이체,MATCHED
321,RTB 통장표기 내용은?,보험료납입,계좌 자동이체,MATCHED
322,현재 납입자가 본인의 계좌로 결제 요청하는 경우에도 녹취가 필요한지?,보험료납입,계좌 자동이체,MATCHED
323,유앤아이종신보험은 카드자동이체 등록 불가한가요?,보험료납입,카드 자동이체,MATCHED
324,RTB 시도 후 사용중인 증권번호입니다 라는 오류가 뜰 때 처리 방법은?,보험료납입,계좌 자동이체,MATCHED
325,"원화환산 납입 시, 자동이체로 납입된 보험료는 환산 기준일이 언제야?",보험료납입,계좌 자동이체,MATCHED
326,원화환산 납입된 초회보험료는 환산기준일자가 어떻게돼?,보험료납입,PUL 월 추가 납입,MATCHED
327,가상 계좌 발급 후 얼마동안 사용가능한가요?,보험료납입,계좌 자동이체,MATCHED
328,가상 계좌 입금가능시간은?,보험료납입,계좌 자동이체,MATCHED
329,보험료 납입중지 기능을 설명해줘,보험료납입,(의무납입기간 경과 건) 납입중지 신청,MATCHED
330,골든초이스연금 상품은 일시납입중지 신청을 언제부터 할 수 있어?,보험료납입,일시납입중지 신청,MATCHED
331,변액유니버셜 상품인데 납입중지 기간 설정 가능한가요?,보험료납입,(의무납입기간 경과 건) 납입중지 신청,MATCHED
332,납입중지하면 실효될 일은 없나요?,보험료납입,(의무납입기간 경과 건) 납입중지 신청,MATCHED
333,일시납입중지 최대 기한은?,보험료납입,(의무납입기간 경과 건) 납입중지 신청,MATCHED
334,납입중지 시 필수안내사항은?,보험료납입,(의무납입기간 경과 건) 납입중지 신청,MATCHED
335,에버래스팅 상품 월대체보험료는 어디서 충당하나요?,보험료납입,계좌 자동이체,MATCHED
336,뉴 부자아이변액유니버셜은 일시납입중지 신청 언제부터 가능한지?,보험료납입,일시납입중지 신청,MATCHED
337,"다이아몬드 웰스 변액연금 5년납 상품인데, 언제부터 일시납입중지 신청 가능한가요?",보험료납입,일시납입중지 신청,MATCHED
338,일시납입중지는 납입중지와 다른건가?,보험료납입,(의무납입기간 경과 건) 납입중지 신청,MATCHED
339,일시납입중지 시 자동이체 해지해야 하나요?,보험료납입,계좌 자동이체,MATCHED
340,일시납입중지 신청하면 전월 미납분부터 적용 가능?,보험료납입,일시납입중지 신청,MATCHED
341,일시납입중지 기간 중에 보험료납입 가능한가요,보험료납입,(의무납입기간 경과 건) 납입중지 신청,MATCHED
342,일시납입중지 해두었다면 실효는 안 되는거죠?,보험료납입,(의무납입기간 경과 건) 납입중지 신청,MATCHED
343,"계약자가 미성년자인 경우, 미납안내는 누구한테 해야 완료되나요?",보험료납입,계좌 자동이체,MATCHED
344,문자로 발송된 미납안내도 효력이 인정되는지요?,보험료납입,계좌 자동이체,MATCHED
345,미납 안내 완료로 보는 대상자는 어떻게 되나요? 수익자에게 안내 시에도 미납 안내 완료로 보나요?,보험료납입,계좌 자동이체,MATCHED
346,"프라임유니버셜상품인데, 해지환급금이 없어서 실효예정계약 건의 보험료 납부안내는 어떻게 하나요?",보험료납입,계좌 자동이체,MATCHED
347,실효방지를 위한 휴대폰 결제신청 서비스가 뭔가요?,보험료납입,휴대폰 소액결제,MATCHED
348,실효방지를 위한 휴대폰 결제신청 서비스는 타인 휴대폰으로도 신청가능한가요?,보험료납입,휴대폰 소액결제,MATCHED
349,유니버셜 상품의 실효조건은?,보험료납입,계좌 자동이체,MATCHED
350,관리 대출금은 무엇인가요?,보험료납입,계좌 자동이체,MATCHED
351,PUL 모든 상품은 관리 대출금이 있나요?,보험료납입,PUL 월 추가 납입,MATCHED
352,관리대출금 조회는 어디서 해?,보험료납입,계좌 자동이체,MATCHED
353,저축성보험도 실효방지 휴대폰결제서비스 신청 가능할까,보험료납입,휴대폰 소액결제,MATCHED
354,계약자 법인인 경우 미납안내를 누가 받아야 하나?,보험료납입,계좌 자동이체,MATCHED
355,보험료 입금마감일 +1일까지 연장되는 건 대상이 어떻게 되지?,보험료납입,가상계좌 등록 및 입금,MATCHED
356,"보험료납입방법을 직납으로 바꾸면, 2연체휴대폰결제 서비스는 어떻게 돼?",보험료납입,휴대폰 소액결제,MATCHED
357,법인계약도 실손보험료 환급제도 적용이 되나요,제지급,실손보험료 환급신청,MATCHED
358,실손보험료 환급 신청 조건이 뭔가요,제지급,실손보험료 환급신청,MATCHED
359,실손보험료환급 신청 후 반환은 얼마만에 되나요,제지급,실손보험료 환급신청,MATCHED
360,해지한 계약도 실손보험료환급 요청이 되나요,제지급,실손보험료 환급신청,MATCHED
361,실손보험료 환급 시 약 1~2주 소요 되는데 소요기간에 대한 이자 지급이 있나요?,제지급,실손보험료 환급신청,MATCHED
362,전화로 실손보험료 환급 신청 시 필요한 서류는?,제지급,실손보험료 환급신청,MATCHED
363,실손보험료 환급 시 반환 방법은?,제지급,실손보험료 환급신청,MATCHED
364,실효계약이나 만기계약도 실손보험료 환급 요청 되나요?,제지급,실손보험료 환급신청,MATCHED
365,실손보험료 환급 소멸시효는?,제지급,실손보험료 환급신청,MATCHED
366,실손보험료 환급에 해당되는 기간 기준은?,제지급,실손보험료 환급신청,MATCHED
367,"카드로 보험료 납부한 계약인데, 해외에 장기간 나가있어서 실손보험료환급 신청하면 보험료 환급은 뭘로 해주는 건가?",제지급,실손보험료 환급신청,MATCHED
368,해외 체류기간이 얼마나 돼야 실손보험료환급해 주는거야?,제지급,실손보험료 환급신청,MATCHED
369,피보험자 명의로 소득공제발행 가능한가요,증명서 안내장,소득공제 납입 증명서 발급,MATCHED
370,계약자와 피보험자 따로 소득공제증명서 발행이 가능한가,증명서 안내장,소득공제 납입 증명서 발급,MATCHED
371,고지의무위반으로 해약환급금 또는 기납입보험료 반환된 계약도 소득공제증명서 발행이 가능한가,증명서 안내장,소득공제 납입 증명서 발급,MATCHED
372,해지환급금 산출 내역서 신청이 가능한 상품은?,증명서 안내장,소득공제 납입 증명서 발급,MATCHED
373,"비월납 계약의 경우, 소득공제대상액을 어떻게 계산해?",증명서 안내장,소득공제 납입 증명서 발급,MATCHED
374,부활 계약의 소득 세액공제 대상은?,증명서 안내장,소득공제 납입 증명서 발급,MATCHED
375,감액완납한 계약의 소득 세액공제 대상은?,증명서 안내장,소득공제 납입 증명서 발급,MATCHED
376,소득세액공제증명서 팩스로 발송하면 도착시간이 얼마나 걸려?,증명서 안내장,소득공제 납입 증명서 발급,MATCHED
377,"소득공제납입증명서 및 보험료 납입증명서, 잔액증명서등 AIA+에서 법인(or) 미셩년자도 신청 가능한가요?",증명서 안내장,소득공제 납입 증명서 발급,MATCHED
378,피보험자가 배우자인 보장성보험도 소득세액공제를 받을 수 있는지요?,증명서 안내장,소득공제 납입 증명서 발급,MATCHED
379,"소득공제받는 보험이 여러건인데, 한 건만 소득공제증명서 발행할 수 있나요?",증명서 안내장,소득공제 납입 증명서 발급,MATCHED
380,월별 또는 예를 들어 2월~10월까지 특정 월구간별로 소득공제증명서 발행 가능한가요?,증명서 안내장,소득공제 납입 증명서 발급,MATCHED
381,"계약자를 변경한 계약건인데, 계약자를 변경하기 전 납입내역 포함해서 소득공제납입증명서 발행 가능해요?",증명서 안내장,소득공제 납입 증명서 발급,MATCHED
382,카드로 납입한 보험료는 카드사용대금 소득공제 포함되나요?,증명서 안내장,소득공제 납입 증명서 발급,MATCHED
383,변액 상품 계속보험료 잔액증명서 발행 기준은?,증명서 안내장,소득공제 납입 증명서 발급,MATCHED
384,기준일을 과거로 해서 잔액증명서 발급 가능한가요?,증명서 안내장,잔액증명서 발급,MATCHED
385,전산의 해지(해약)환급금과 잔액증명서의 해지(해약)환급금이 왜 다르죠?,증명서 안내장,소득공제 납입 증명서 발급,MATCHED
386,월별 보험료 납입증명서 영문 발행 가능한가요?,증명서 안내장,소득공제 납입 증명서 발급,MATCHED
387,월별 보험료 납입증명서 납입방법 표기는 어떻게 되나요?,증명서 안내장,소득공제 납입 증명서 발급,MATCHED
388,명의변경 사실 확인서 이메일로 받을 수 있나요?,증명서 안내장,소득공제 납입 증명서 발급,MATCHED
389,연급 지급내역서 발행 기준은?,증명서 안내장,소득공제 납입 증명서 발급,MATCHED
390,계약자가 해지환급금산출내역서를 aia+에서 신청할 수 있나?,증명서 안내장,소득공제 납입 증명서 발급,MATCHED
391,연금지급내역서는 누가 신청할 수 있나요?,증명서 안내장,소득공제 납입 증명서 발급,MATCHED
392,우편물 수령지를 해외주소지로 등록안해주는 이유가 뭔가요,고객정보,주소/연락처 변경,MATCHED
393,계약자가 치매상태로 가족이 전화상 주소지변경을 요청하는 경우 변경처리 가능한가,고객정보,주소/연락처 변경,MATCHED
394,"계약의 체결을 위한 개인신용정보 수집.이용, 조회, 제공 동의 항목에서 수집 이용할 개인정보의 내용이 무엇인지?",고객정보,주소/연락처 변경,MATCHED
397,계약자가 주소가 바뀌면 회사에 왜 알려야 하는건지?,고객정보,주소/연락처 변경,MATCHED
398,계약자가 우편물 수령지를 회사와 자택 2곳으로 등록해 달라고 하는데 가능할까?,고객정보,주소/연락처 변경,MATCHED
399,우편물을 E-mail로 보내줄 수 있는지?,고객정보,주소/연락처 변경,MATCHED
400,우편물을 받기 싫다며 보내지 말라고 요청한 경우?,고객정보,주소/연락처 변경,MATCHED
401,계약자 주소지 정보에 업무지 주소만 등록할 수 있나요?,고객정보,주소/연락처 변경,MATCHED
402,계약자가 의식불명 상태로 가족이 전화 상 “주소변경”을 요청할 경우,고객정보,주소/연락처 변경,MATCHED
403,"고객정보제공불가 신청 시, 제공중지되는 정보 종류는?",고객정보,주소/연락처 변경,MATCHED
404,보험금 청구권 소멸시효는?,보험금 보장,보험금청구,MATCHED
407,실효된 계약도 증권재발행이 되나?,계약정보,"증권, 약관 재발행",MATCHED
408,해지계약 증권재발행 방법은?,계약정보,"증권, 약관 재발행",MATCHED
409,계약자 의식불명으로 상속인이 증권재발행 요청시 필요한 서류가 무엇인지?,계약정보,"증권, 약관 재발행",MATCHED
410,디지털다이렉트 가입한 경우 청약서 재발행이 가능한가,계약정보,"증권, 약관 재발행",MATCHED
411,계약자 치매일 경우 증권 재발행 시 신청권자 및 구비서류는?,계약정보,"증권, 약관 재발행",MATCHED
412,계약자 사망일 경우 증권 재발행 시 신청권자 및 구비서류는?,계약정보,"증권, 약관 재발행",MATCHED
413,"AIA+에서 증권재발행 신청 시, 수령 가능한 방법 과 소요 시간은?",계약정보,"증권, 약관 재발행",MATCHED
414,2023.02.01에 통신채널 계약했는데 상품 설명서 및 청약서 재발행 가능한가요?,계약정보,"증권, 약관 재발행",MATCHED
415,AIA+에서 고객이 직접 청약서 재발행 가능한가요?,계약정보,"증권, 약관 재발행",MATCHED
416,8채널 가입 계약건은 다이렉트사이트에서 가입확인서 같은거를 볼 수 있나?,계약정보,실손보험 의료급여 수급권자 확인,MATCHED
417,증권재발행 신청 이후에 취소가 가능한가?,계약정보,"증권, 약관 재발행",MATCHED
418,증권재발행하면 과거에 만기된 특약도 보여지나요?,계약정보,"증권, 약관 재발행",MATCHED
419,감액반제금 계약자계좌외 지급가능한가요(통신채널기준),계약정보,감액/특약삭제,MATCHED
420,미성년자 감액시 전화접수할 때 어떻게 하나요?,계약정보,감액/특약삭제,MATCHED
421,"비흡연 할인 중인 계약인데, 비흡연할인 적용 가능한 기준금액 밑으로 감액하면 할읹적용은 어떻게 돼?",계약정보,비 흡연 할인 특약,MATCHED
422,실효예정건인 변액상품을 말일자에 감액요청하는데 신청 가능할까?,계약정보,감액/특약삭제,MATCHED
423,"감액 접수건 승낙 완료가 되었는데, 감액취소가능한가요",계약정보,감액/특약삭제,MATCHED
424,변액상품 중 대출최저상환을 해야하는경우도 감액접수 가능한가요,계약정보,감액/특약삭제,MATCHED
425,감액 이후에 증액가능한가요,계약정보,감액/특약삭제,MATCHED
426,바이탈리티 적용 특약삭제시 멤버십도 종료되나요,계약정보,감액/특약삭제,MATCHED
427,납입면제건도 감액가능한가요,계약정보,감액/특약삭제,MATCHED
428,감액시 AML(자금세탁방지법) 대상은 누구인가요,계약정보,감액/특약삭제,MATCHED
429,철회기간에도 감액 가능한가요,계약정보,감액/특약삭제,MATCHED
430,감액 가능한 조건 알려주세요,계약정보,감액/특약삭제,MATCHED
431,비흡연할인특약 가입된 계약은 감액이 불가한가요?,계약정보,비 흡연 할인 특약,MATCHED
432,법인계약 감액신청 전화접수 방법은?,계약정보,감액/특약삭제,MATCHED
433,변액보험 계약변경 시 반제금 종가기준을 알려주세요,계약정보,(면대면채널)보험 종목 변경,MATCHED
434,감액도 비교안내 대상인가요?,계약정보,감액/특약삭제,MATCHED
435,실효건 감액가능한가요,계약정보,감액/특약삭제,MATCHED
436,대출이있을경우 감액접수 가능한가요,계약정보,감액/특약삭제,MATCHED
437,감액시 건강관리자금도 줄어드나요,계약정보,감액/특약삭제,MATCHED
438,건강플러스 할인율?,계약정보,비 흡연 할인 특약,MATCHED
439,청약 시 당뇨 고지했으면 건강플러스 할인 신청이 안되는지?,계약정보,비 흡연 할인 특약,MATCHED
440,건강플러스 할인 신청 전화접수 시 필요한 서류가 뭐야?,계약정보,비 흡연 할인 특약,MATCHED
441,실손의료비 상품 보험료 할인 신청대상은?,계약정보,비 흡연 할인 특약,MATCHED
442,의료급여수급권자는 보험료 할인이 되는 제도가 있다는데 그게 뭐야?,계약정보,실손보험 의료급여 수급권자 확인,MATCHED
443,내국인 성인 의료급여 수급권자 보험료 할인 우편 신청시 필요서류는?,계약정보,실손보험 의료급여 수급권자 확인,MATCHED
444,목표수익률 변경 대상 상품 및 변경 가능 수익률은?,변액 펀드,(면대면채널)펀드변경,MATCHED
445,목표수익률 변경 시 바로 적용되나요?,변액 펀드,(면대면채널)펀드변경,MATCHED
446,에버래스팅보험 약정보험료 변경할 수 있는 한도가 있어?,계약정보,(면대면채널)보험 종목 변경,MATCHED
447,최초 지수 연동 기간은?,계약정보,EIUL 지수 기간 연장,MATCHED
448,지수연동 기간 연장 최대 기한은?,계약정보,EIUL 지수 기간 연장,MATCHED
449,실효된 계약인데 연납을 월납으로 바꿀 수 있는지?,계약정보,"증권, 약관 재발행",MATCHED
450,납입주기변경은 누가 신청할 수 있나요?,계약정보,납입주기변경,MATCHED
451,납입주기를 월납에서 6개월납으로 변경하려면 현재 납입횟차가 어떻게 되어 있어야 하는지?,계약정보,직종(직무)&운전차종 변경,MATCHED
452,납입주기 변경이 불가능한 조건이 있나요?,계약정보,직종(직무)&운전차종 변경,MATCHED
453,자동이체 청구 중에 납입주기를 월납에서 3개월납으로 변경하면 어떻게 되나요?,계약정보,직종(직무)&운전차종 변경,MATCHED
454,납입기간 단축으로 추징금이 발생하면 어떻게 납부하지?,계약정보,EIUL 지수 기간 연장,MATCHED
455,건강플러스할인 대상 상품이 뭐지? 할인율이 몇 프로야?,계약정보,비 흡연 할인 특약,MATCHED
456,건강플러스 할인은 언제든지 신청해도 되는지?,계약정보,비 흡연 할인 특약,MATCHED
457,기대출금이 있는 계약은 납입기간 변경 시 대출금 상환해야 하나?,계약정보,직종(직무)&운전차종 변경,MATCHED
458,납입기간 변경 시 저축성 상품에 대해 추징금은 카드납부가 가능한가요?,계약정보,직종(직무)&운전차종 변경,MATCHED
459,의료수급권자 실손보험료 할인 신청은 계약자가 하는 거 맞죠?,계약정보,실손보험 의료급여 수급권자 확인,MATCHED
460,의료수급권자 상실하면 실손보험료 할인적용이 안되나요?,계약정보,실손보험 의료급여 수급권자 확인,MATCHED
461,의료급여 수급권 자격상실된 경우 보험회사에 신고를 해야 하나?,계약정보,실손보험 의료급여 수급권자 확인,MATCHED
462,"청약 당시 고혈압, 당뇨 고지 후 가입되었습니다. 현재는 이상이 없는데 건강할인신청 가능한가요?",계약정보,비 흡연 할인 특약,MATCHED
463,건강할인신청은 소급적용이 가능한가요?,계약정보,비 흡연 할인 특약,MATCHED
464,지급중지 설정된 계약의 납입주기를 전화상으로 변경 가능한가요?,계약정보,직종(직무)&운전차종 변경,MATCHED
465,계약자 요청에 의한 지급중지 설정 및 해제 방법을 알려주세요,계약정보,"증권, 약관 재발행",MATCHED
466,비흡연할인 신청조건을 알려주세요,계약정보,비 흡연 할인 특약,MATCHED
467,비흡연할인은 계약자가 신청하는건가요?,계약정보,비 흡연 할인 특약,MATCHED
468,비흡연할인 가능상품을 알려주세요,계약정보,비 흡연 할인 특약,MATCHED
469,"보험 대상자의 직업, 운전차종 변경통지 구비서류를 알려주세요",계약정보,직종(직무)&운전차종 변경,MATCHED
470,두가지 이상의 직업이 있는 경우 어떤 직업이 위험등급에 적용되나?,계약정보,"증권, 약관 재발행",MATCHED
471,갱신불원 접수 가능기간을 알려주세요,계약정보,갱신불원,MATCHED
472,미성년자계약 갱신불원 전화접수 방법은 어떻게 되나요?,계약정보,갱신불원,MATCHED
473,직무직종 통지 의무 대상 상품은 무엇인가요?,계약정보,직종(직무)&운전차종 변경,MATCHED
474,직무직종변경 신고를 할때 어떤 내용을 알려야 해?,계약정보,직종(직무)&운전차종 변경,MATCHED
475,직무직종 변경 통지를 해야하는 사람은 누구인가? 피보험자인가?,계약정보,직종(직무)&운전차종 변경,MATCHED
476,비 흡연 특약에 가입되어 있는데 흡연을 하게 되면 어떻게 되나요?,계약정보,비 흡연 할인 특약,MATCHED
477,비흡연 할인을 신청하려는데 전화로 접수하는 방법 알려줘,계약정보,비 흡연 할인 특약,MATCHED
478,"비흡연 받던 고객인데 흡연으로 변경한다고 하네요, 전화로 접수할때 어떤 것이 필요해?",계약정보,직종(직무)&운전차종 변경,MATCHED
479,펀드변경은 몇 번까지 신청할 수 있어?,변액 펀드,(면대면채널)펀드변경,MATCHED
480,펀드변경은 계약하고 언제부터 가능해?,변액 펀드,(면대면채널)펀드변경,MATCHED
481,펀드변경하면 적립금이전은 언제되는거야,변액 펀드,(면대면채널)펀드변경,MATCHED
482,부활 시 다시 펀드투입비율을 변경할 수 있나?,변액 펀드,(면대면채널)펀드변경,MATCHED
483,적립금이전 신청했는데 투입되기 전에 취소 가능할까?,변액 펀드,(면대면채널)펀드변경,MATCHED
484,펀드 자동재분배은 신청 후에 취소 할 수도 있고 다시 신청할 수도 있는 거죠?,변액 펀드,(면대면채널)펀드변경,MATCHED
485,펀드수익율 알림서비스 신청은 아무 계약이나 할 수있나,변액 펀드,(면대면채널)펀드변경,MATCHED
486,펀드변경과 펀드투입비율변경의 차이는?,변액 펀드,(면대면채널)펀드변경,MATCHED
487,펀드 운영갯수는 몇개까지 가능한가요,변액 펀드,(면대면채널)펀드변경,MATCHED
488,펀드변경 접수마감은 몇시까지야,변액 펀드,(면대면채널)펀드변경,MATCHED
489,"성인 계약자 전화로 펀드변경 신청 시, 필요 서류는?",변액 펀드,(면대면채널)펀드변경,MATCHED
490,"미성년자 계약자 우편으로 펀드변경 신청 시, 필요 서류는?",변액 펀드,(면대면채널)펀드변경,MATCHED
491,편드변경 비율 단위는?,변액 펀드,(면대면채널)펀드변경,MATCHED
492,자동재분배 신청 기준은?,변액 펀드,(면대면채널)펀드변경,MATCHED
493,자동재분배 신청 가능 횟수는?,변액 펀드,(면대면채널)펀드변경,MATCHED
494,펀드변경과 펀드투입비율변경 동시에 가능한지?,변액 펀드,(면대면채널)펀드변경,MATCHED
495,"보험료 자동이체일이 25일인데 주식형 100%에서 채권형 100%로 5/15일에 펀드 투입비율변경할 경우, 어떻게 적용되는지?",변액 펀드,(면대면채널)펀드변경,MATCHED
496,감액완납이 무엇인가요?,계약정보,(면대면채널)감액 완납,MATCHED
497,납입면제 중인 계약도 감액완납이 가능한가요?,계약정보,(면대면채널)감액 완납,MATCHED
498,감액완납이 불가능한 경우가 또 어떤 것들이 있어?,계약정보,(면대면채널)감액 완납,MATCHED
499,감액완납 전화접수 시 필요한 서류는?,계약정보,(면대면채널)감액 완납,MATCHED
500,감액완납 후 취소되나요?,계약정보,(면대면채널)감액 완납,MATCHED
501,감액완납 시 특약은 보장 받을 수 없나요?,계약정보,(면대면채널)감액 완납,MATCHED
502,감액완납 가능 조건은?,계약정보,(면대면채널)감액 완납,MATCHED
503,법인 계약 감액완납 직원도 신청 가능한가요?,계약정보,(면대면채널)감액 완납,MATCHED
504,법인 계약 감액완납 신청방법은?,계약정보,(면대면채널)감액 완납,MATCHED
505,연장정기가 무엇인가요?,계약정보,(면대면채널)연장 정기,MATCHED
506,연장정기 가능한 조건은?,계약정보,(면대면채널)연장 정기,MATCHED
507,연장정기 전화접수 시 필요한 서류는?,계약정보,(면대면채널)연장 정기,MATCHED
508,법인계약 연장정기 직원 대리 신청 가능한가요?,계약정보,(면대면채널)연장 정기,MATCHED
509,연장정기 후 취소되는지?,계약정보,(면대면채널)연장 정기,MATCHED
510,연장정기 후 해지 되는지?,계약정보,(면대면채널)연장 정기,MATCHED
511,연장정기 시 보험기간 계산 될 때 연령의 기준 문의 시?,계약정보,(면대면채널)연장 정기,MATCHED
512,연장정기 후에도 보험계약대출 가능한지 문의 시,계약정보,(면대면채널)연장 정기,MATCHED
513,연장정기 후에 연금전환 가능 문의 시?,계약정보,(면대면채널)연장 정기,MATCHED
514,계약자 아닌 제3자가 민원접수 요청하면 어떻게 해?,민원,민원,MATCHED
515,계약자가 당사 활동 모집인인 경우에 민원접수 가능한지?,민원,민원,MATCHED
516,"자동부활 가능 기한 경과 건 일반부활 안내 하였으나, 거부하고 자동부활 요구하는 경우에는?",민원,품질보증해지,MATCHED
517,고객의 개인정보 유출과 관련 확인 요청 및 사고 대응 등을 위해 문의 시에는?,민원,품질보증해지,MATCHED
518,소멸계약 증권 재발행 요청 시 대응법은?,민원,품질보증해지,MATCHED
519,위법계약 해지가 뭐지?,민원,품질보증해지,MATCHED
520,위법계약해지 요구는 언제까지 가능한가요?,민원,품질보증해지,MATCHED
521,위법계약해지신청방법은? 전화로 가능한가?,민원,품질보증해지,MATCHED
522,위법계약해지 신청할때 필요한 서류가 뭐야?,민원,품질보증해지,MATCHED
523,품질가능해지 가능 기간은?,민원,품질보증해지,MATCHED
524,품질가능해지 가능 조건은?,민원,품질보증해지,MATCHED
525,품질 보증해지 접수 시 결과 및 소요 시간은?,민원,품질보증해지,MATCHED
526,품질 보증해지 접수 제한 사항은?,민원,품질보증해지,MATCHED
527,보험금 지급 된 계약도 품질보증해지 가능한가요?,민원,품질보증해지,MATCHED
528,담당 MP가 없는데 반드시 지정하지않아도 되는 것인지?,설계사,(면대면채널) MP이관,MATCHED
529,실효상태에서 MP지정 문의 시?,설계사,(면대면채널) MP이관,MATCHED
530,MP가 본인 계약 건 본인으로 이관 요청시?,설계사,(면대면채널) MP이관,MATCHED
531,미성년자계약 이관동의서 외에 추가 제출 서류 및 작성방법은?,설계사,(면대면채널) MP이관,MATCHED
532,타 채널의 계약 건을 단체영업 소속의 MP로 이관 가능 한지?,설계사,(면대면채널) MP이관,MATCHED
533,활동MP 건을 다른 MP로 변경할 수 있는 조건은?,설계사,(면대면채널) MP이관,MATCHED
534,계약상태 10이 어떤 상태?,신계약 미결,재고지 접수/ 보완,MATCHED
535,보험 계약 반송 안내문을 받았는데 무엇인지 문의한 경우?,신계약 미결,재고지 접수/ 보완,MATCHED
536,부담보가 무엇인가요?,보험금 보장,보험금청구,MATCHED
537,"통신채널 청약 당시 부담보 설정 된 부위 완치 후 부담보 해제 가능하다고 안내 받았다고 하는 경우, 접수 및 검토 가능 조건은?",신계약 미결,재고지 접수/ 보완,MATCHED
538,건강 재고지 접수 가능기간은? 통신채널 건이야,신계약 미결,재고지 접수/ 보완,MATCHED
539,대면채널 계약 우편으로 자필서명재고지 하는 방법은?,신계약 미결,재고지 접수/ 보완,MATCHED
540,실효상태에서 재고지 가능한가요?,신계약 미결,재고지 접수/ 보완,MATCHED
541,재고지 결과 M2 보완 나온 경우 어떻게되는건지요?,신계약 미결,재고지 접수/ 보완,MATCHED
542,동일한 증권번호에 대해 재고지 여러 번 가능한가요?,신계약 미결,재고지 접수/ 보완,MATCHED
543,8채널 계약도 재고지 가능한가?,신계약 미결,재고지 접수/ 보완,MATCHED
544,재고지했는데 미결로 부담보 설정이 되었을 경우 어떻게 해야 돼?,신계약 미결,재고지 접수/ 보완,MATCHED
559,"종피보험자 주민번호 정정할때도, 보험료 변동이 발생하나요?",명의변경,명의정정,MATCHED
560,주민번호정정 전화접수 할때 필요한 서류가 있나요?,명의변경,명의정정,MATCHED
561,"이름 단순정정을 우편으로 신청 시, 필요 서류는?",명의변경,명의정정,MATCHED
562,"명의정정 시, AML 대상은?",명의변경,명의정정,MATCHED
563,"이름 단순정정 전화 접수 시, 필요한 서류는?",명의변경,명의정정,MATCHED
564,등본과 신분증상 성명이 두음법칙으로 인해 상이한 경우 정정되어야 하는기준은?,명의변경,명의정정,MATCHED
565,추징금이 무엇인가요?,명의변경,명의정정,MATCHED
566,명의정정 증비서류 사본 가능한가요?,명의변경,명의정정,MATCHED
567,내국인 호적정정으로 명의정정 시 필요한 서류는?,명의변경,명의정정,MATCHED
568,법인 계약 사업자등록번호 변경 시 구비서류는? 대표자가 신청할 때로 알려줘,명의변경,명의변경(계약자/수익자 변경),MATCHED
589,아직 상환이 덜 된 계약대출금이 있어도 연금전환이 가능한가?,연금,연금전환 서비스,MATCHED
590,연금전환 가능한 조건 알려줘,연금,연금전환 서비스,MATCHED
591,연금전환 신청을 전화접수 할 수 있나?,연금,연금전환 서비스,MATCHED
592,연금전환 시 특약보장은 어떻게 되나?,연금,연금전환 서비스,MATCHED
593,연금전환 후 취소도 가능한가?,연금,연금전환 서비스,MATCHED
594,연금신청권자는 누구인가,연금,(면대면채널)연금신청,MATCHED
595,연금으로 전환 후 연금의 일시금 수령은 가능한가요?,연금,연금전환 서비스,MATCHED
596,지급중지(채권압류) 계약은 연금전환이 가능한가요?,연금,연금전환 서비스,MATCHED
597,사망수익자가 은행으로 지정된 계약은 연금전환이 가능한가요?,연금,연금전환 서비스,MATCHED
598,"보장유지특약 중 갱신특약이 존재하는 경우, 갱신 가능한가요?",연금,연금전환 서비스,MATCHED
599,연금전환 접수 중 [재해입원특약은 의료비특약과 전환여부가 동일해야 한다]는 안내문구가 뜹니다. 어떤 의미인가요?,연금,연금전환 서비스,MATCHED
600,연금전환 신청 후 언제부터 연금수령이 가능하나요?,연금,연금전환 서비스,MATCHED
601,연금전환 시점이 비과세 기간을 경과 하지 않았을 경우에는 과세 되나요?,연금,연금전환 서비스,MATCHED
602,연금전환 시에는 가입 당시의 경험생명표를 적용하나요?,연금,연금전환 서비스,MATCHED
603,연금개시 안내문은 언제 발송 되나요?,연금,연금전환 서비스,MATCHED
604,연금개시시점에 약관대출금 존재 시에는 연금개시금액은 어떻게 되나요?,연금,연금전환 서비스,MATCHED
605,연금 개시 후 피보험자 사망 시 수익자는 누구인가요?,연금,연금전환 서비스,MATCHED
606,연금 개시 후 피보험자 사망 청구 건의 일시금 요청 시 구비 서류는 어떻게 되나요?,연금,연금전환 서비스,MATCHED
607,연금 지급 일자에 미 지급 되었을 경우 공시이율로 적용 되나요?,연금,연금전환 서비스,MATCHED
608,"비과세 기간을 채우지 못하고, 연금 개시 될 경우 과세는 언제 하나요?",연금,연금전환 서비스,MATCHED
609,"당사의 연금보험은 비과세연금보험(비적격), 소득공제 연금보험(적격) 중 어디에 해당 되나요?",연금,연금전환 서비스,MATCHED
610,세계비적격/적격 차이는?,연금,연금전환 서비스,MATCHED
611,연금 계약변경 가능 조건은?,연금,연금전환 서비스,MATCHED
612,연금개시연령을 바꾸고 싶은데 가능 조건이 있어?,연금,연금전환 서비스,MATCHED
613,연금개시가 되었는데 연금을 실제 받기 전에 연금지급받은 주리를 변경하고 싶다면 가능할까?,연금,연금전환 서비스,MATCHED
619,통신채널 2025년 3월에 가입한 백세시대꼭하나건강보험갱신형의 AIA 헬스케어 서비스 가입 조건은?,헬스케어서비스,헬스케어 서비스,MATCHED
620,전문의료진 실시간 건강상담 내용이 뭐더라?,헬스케어서비스,헬스케어 서비스,MATCHED
621,차량에스코트 서비스 내용 좀 알려줘,헬스케어서비스,헬스케어 서비스,MATCHED
622,시니어일반헬스케어에서 차량에스코트서비스는 년간 몇 회 지원돼?,헬스케어서비스,헬스케어 서비스,MATCHED
623,간호사 병원 방문동행 내용과 연간 지원횟수 알려줘,헬스케어서비스,헬스케어 서비스,MATCHED
624,암특화헬스케어서비스 중에 암건강정보안내는 어떻게 받아보는 거야?,헬스케어서비스,헬스케어 서비스,MATCHED
625,전화심리상담은 가족도 받을수 있나요?,헬스케어서비스,헬스케어 서비스,MATCHED
626,헬스케어 기본서비스에서 케어스테이 서비스 가능해?,헬스케어서비스,헬스케어 서비스,MATCHED
627,2025년 1월에 가입한 AIA Vitality 평생안심+유니버셜종신보험 헬스케어 서비스 가입 조건은?,헬스케어서비스,헬스케어 서비스,MATCHED
628,해외 의료지원서비스는 헤택내용이 뭐가 있어?,헬스케어서비스,헬스케어 서비스,MATCHED
629,헬스케어로 상조서비스는 다른 상조회사와 연계되어서 제공하는 건가요?,헬스케어서비스,헬스케어 서비스,MATCHED
630,헬스케어 서비스에서 말하는 큰병 의 정의는?,헬스케어서비스,헬스케어 서비스,MATCHED
697,재외국민이 뭐지?,고객정보,주소/연락처 변경,MATCHED
698,재외동포가 뭐야?,고객정보,주소/연락처 변경,MATCHED
699,외국인 -> 외국인 명의정정 전화접수 시 필요한 서류가 뭐야,명의변경,명의정정,MATCHED
700,외국인이 국내 국적취득해서 내국인로 명의정정 전화접수 시 필요한 서류가 뭐야,명의변경,명의정정,MATCHED
